dataset_id,title
AirPassengers,Monthly Airline Passenger Numbers 1949-1960
BJsales,Sales Data with Leading Indicator
BOD,Biochemical Oxygen Demand
Formaldehyde,Determination of Formaldehyde
HairEyeColor,Hair and Eye Color of Statistics Students
InsectSprays,Effectiveness of Insect Sprays
JohnsonJohnson,Quarterly Earnings per Johnson & Johnson Share
LakeHuron,Level of Lake Huron 1875-1972
LifeCycleSavings,Intercountry Life-Cycle Savings Data
Nile,Flow of the River Nile
OrchardSprays,Potency of Orchard Sprays
PlantGrowth,Results from an Experiment on Plant Growth
Puromycin,Reaction Velocity of an Enzymatic Reaction
Titanic,Survival of passengers on the Titanic
ToothGrowth,The Effect of Vitamin C on Tooth Growth in Guinea Pigs
UCBAdmissions,Student Admissions at UC Berkeley
UKDriverDeaths,Road Casualties in Great Britain 1969-84
UKgas,UK Quarterly Gas Consumption
USAccDeaths,Accidental Deaths in the US 1973-1978
USArrests,Violent Crime Rates by US State
USJudgeRatings,Lawyers' Ratings of State Judges in the US Superior Court
USPersonalExpenditure,Personal Expenditure Data
VADeaths,Death Rates in Virginia (1940)
WWWusage,Internet Usage per Minute
WorldPhones,The World's Telephones
airmiles,"Passenger Miles on Commercial US Airlines, 1937-1960"
airquality,New York Air Quality Measurements
anscombe,Anscombe's Quartet of 'Identical' Simple Linear Regressions
attenu,The Joyner-Boore Attenuation Data
attitude,The Chatterjee-Price Attitude Data
austres,Quarterly Time Series of the Number of Australian Residents
cars,Speed and Stopping Distances of Cars
chickwts,Chicken Weights by Feed Type
co2,Mauna Loa Atmospheric CO2 Concentration
crimtab,Student's 3000 Criminals Data
discoveries,Yearly Numbers of Important Discoveries
esoph,"Smoking, Alcohol and (O)esophageal Cancer"
euro,Conversion Rates of Euro Currencies
faithful,Old Faithful Geyser Data
freeny,Freeny's Revenue Data
infert,Infertility after Spontaneous and Induced Abortion
iris,Edgar Anderson's Iris Data
islands,Areas of the World's Major Landmasses
lh,Luteinizing Hormone in Blood Samples
longley,Longley's Economic Regression Data
lynx,Annual Canadian Lynx trappings 1821-1934
morley,Michelson Speed of Light Data
mtcars,Motor Trend Car Road Tests
nhtemp,Average Yearly Temperatures in New Haven
nottem,"Average Monthly Temperatures at Nottingham, 1920-1939"
npk,"Classical N, P, K Factorial Experiment"
occupationalStatus,Occupational Status of Fathers and their Sons
precip,Annual Precipitation in US Cities
presidents,Quarterly Approval Ratings of US Presidents
pressure,Vapor Pressure of Mercury as a Function of Temperature
quakes,Locations of Earthquakes off Fiji
randu,Random Numbers from Congruential Generator RANDU
rivers,Lengths of Major North American Rivers
rock,Measurements on Petroleum Rock Samples
sleep,Student's Sleep Data
stackloss,Brownlee's Stack Loss Plant Data
sunspot.month,"Monthly Sunspot Data, from 1749 to ""Present"""
sunspot.year,"Yearly Sunspot Data, 1700-1988"
sunspots,"Monthly Sunspot Numbers, 1749-1983"
swiss,Swiss Fertility and Socioeconomic Indicators (1888) Data
treering,"Yearly Treering Data, -6000-1979"
trees,"Girth, Height and Volume for Black Cherry Trees"
uspop,Populations Recorded by the US Census
volcano,Topographic Information on Auckland's Maunga Whau Volcano
warpbreaks,The Number of Breaks in Yarn during Weaving
women,Average Heights and Weights for American Women
acme,Monthly Excess Returns
aids,Delay in AIDS Reporting in England and Wales
aircondit,Failures of Air-conditioning Equipment
aircondit7,Failures of Air-conditioning Equipment
amis,Car Speeding and Warning Signs
aml,Remission Times for Acute Myelogenous Leukaemia
bigcity,Population of U.S. Cities
brambles,Spatial Location of Bramble Canes
breslow,Smoking Deaths Among Doctors
calcium,Calcium Uptake Data
cane,Sugar-cane Disease Data
capability,Simulated Manufacturing Process Data
catsM,Weight Data for Domestic Cats
cav,Position of Muscle Caveolae
cd4,CD4 Counts for HIV-Positive Patients
channing,Channing House Data
city,Population of U.S. Cities
claridge,Genetic Links to Left-handedness
cloth,Number of Flaws in Cloth
co.transfer,Carbon Monoxide Transfer
coal,Dates of Coal Mining Disasters
darwin,Darwin's Plant Height Differences
dogs,Cardiac Data for Domestic Dogs
downs.bc,Incidence of Down's Syndrome in British Columbia
ducks,Behavioral and Plumage Characteristics of Hybrid Ducks
fir,Counts of Balsam-fir Seedlings
frets,Head Dimensions in Brothers
grav,Acceleration Due to Gravity
gravity,Acceleration Due to Gravity
hirose,Failure Time of PET Film
islay,Jura Quartzite Azimuths on Islay
manaus,Average Heights of the Rio Negro river at Manaus
melanoma,Survival from Malignant Melanoma
motor,Data from a Simulated Motorcycle Accident
neuro,Neurophysiological Point Process Data
nitrofen,Toxicity of Nitrofen in Aquatic Systems
nodal,Nodal Involvement in Prostate Cancer
nuclear,Nuclear Power Station Construction Data
paulsen,Neurotransmission in Guinea Pig Brains
poisons,Animal Survival Times
polar,Pole Positions of New Caledonian Laterites
remission,Cancer Remission and Cell Activity
salinity,Water Salinity and River Discharge
survival,Survival of Rats after Radiation Doses
tau,Tau Particle Decay Modes
tuna,Tuna Sighting Data
urine,Urine Analysis Data
wool,Australian Relative Wool Prices
aids,data from Section 1.19
alloauto,data from Section 1.9
allograft,"data from Exercise 13.1, p418"
azt,"data from Exercise 4.7, p122"
baboon,"data from Exercise 5.8, p147"
bcdeter,data from Section 1.18
bfeed,data from Section 1.14
bmt,data from Section 1.3
bnct,"data from Exercise 7.7, p223"
btrial,data from Section 1.5
burn,data from Section 1.6
channing,data from Section 1.16
drug6mp,data from Section 1.2
drughiv,"data from Exercise 7.6, p222"
hodg,data from Section 1.10
kidney,data from Section 1.4
kidrecurr,Data on 38 individuals using a kidney dialysis machine
kidtran,data from Section 1.7
larynx,data from Section 1.8
lung,"data from Exercise 4.4, p120"
pneumon,data from Section 1.13
psych,data from Section 1.15
rats,"data from Exercise 7.13, p225"
std,data from Section 1.12
stddiag,"data from Exercise 5.6, p146"
tongue,data from Section 1.11
twins,"data from Exercise 7.14, p225"
Animals2,Brain and Body Weights for 65 Species of Land Animals
CrohnD,Crohn's Disease Adverse Events Data
NOxEmissions,NOx Air Pollution Data
SiegelsEx,Siegel's Exact Fit Example Data
aircraft,Aircraft Data
airmay,Air Quality Data
alcohol,Alcohol Solubility in Water Data
ambientNOxCH,Daily Means of NOx (mono-nitrogen oxides) in air
bushfire,Campbell Bushfire Data
carrots,Insect Damages on Carrots
cloud,Cloud point of a Liquid
coleman,Coleman Data Set
condroz,Condroz Data
cushny,Cushny and Peebles Prolongation of Sleep Data
delivery,Delivery Time Data
education,Education Expenditure Data
epilepsy,Epilepsy Attacks Data Set
exAM,Example Data of Antille and May - for Simple Regression
foodstamp,Food Stamp Program Participation
hbk,"Hawkins, Bradu, Kass's Artificial Data"
heart,Heart Catherization Data
kootenay,Waterflow Measurements of Kootenay River in Libby and Newgate
lactic,Lactic Acid Concentration Measurement Data
milk,Daudin's Milk Composition Data
pension,Pension Funds Data
phosphor,Phosphorus Content Data
pilot,Pilot-Plant Data
possumDiv,Possum Diversity Data
pulpfiber,Pulp Fiber and Paper Data
radarImage,Satellite Radar Image Data from near Munich
salinity,Salinity Data
starsCYG,Hertzsprung-Russell Diagram Data of Star Cluster CYG OB1
telef,Number of International Calls from Belgium
toxicity,Toxicity of Carboxylic Acids Data
vaso,Vaso Constriction Skin Data Set
wagnerGrowth,Wagner's Hannover Employment Growth Data
wood,Modified Data on Wood Specific Gravity
AMSsurvey,American Math Society Survey Data
Adler,Experimenter Expectations
Angell,Moral Integration of American Cities
Anscombe,U. S. State Public-School Expenditures
Baumann,Methods of Teaching Reading Comprehension
Bfox,Canadian Women's Labour-Force Participation
Blackmoor,Exercise Histories of Eating-Disordered and Control Subjects
Burt,Fraudulent Data on IQs of Twins Raised Apart
CanPop,Canadian Population Data
Chile,Voting Intentions in the 1988 Chilean Plebiscite
Chirot,The 1907 Romanian Peasant Rebellion
Cowles,Cowles and Davis's Data on Volunteering
Davis,Self-Reports of Height and Weight
DavisThin,Davis's Data on Drive for Thinness
Depredations,Minnesota Wolf Depredation Data
Duncan,Duncan's Occupational Prestige Data
Ericksen,The 1980 U.S. Census Undercount
Florida,Florida County Voting
Freedman,Crowding and Crime in U. S. Metropolitan Areas
Friendly,Format Effects on Recall
Ginzberg,Data on Depression
Greene,Refugee Appeals
Guyer,Anonymity and Cooperation
Hartnagel,Canadian Crime-Rates Time Series
Highway1,Highway Accidents
Leinhardt,Data on Infant-Mortality
Mandel,Contrived Collinear Data
Migration,Canadian Interprovincial Migration Data
Moore,"Status, Authoritarianism, and Conformity"
Mroz,U.S. Women's Labor-Force Participation
OBrienKaiser,O'Brien and Kaiser's Repeated-Measures Data
Ornstein,Interlocking Directorates Among Major Canadian Firms
Pottery,Chemical Composition of Pottery
Prestige,Prestige of Canadian Occupations
Quartet,Four Regression Datasets
Robey,Fertility and Contraception
SLID,Survey of Labour and Income Dynamics
Sahlins,Agricultural Production in Mazulu Village
Salaries,Salaries for Professors
Soils,Soil Compositions of Physical and Chemical Characteristics
States,Education and Related Statistics for the U.S. States
Transact,Transaction data
UN,GDP and Infant Mortality
USPop,Population of the United States
Vocab,Vocabulary and Education
WeightLoss,Weight Loss Data
Womenlf,Canadian Women's Labour-Force Participation
Wool,Wool data
agriculture,European Union Agricultural Workforces
animals,Attributes of Animals
chorSub,Subset of C-horizon of Kola Data
flower,Flower Characteristics
plantTraits,Plant Species Traits Data
pluton,Isotopic Composition Plutonium Batches
ruspini,Ruspini Data
votes.repub,Votes for Republican Candidate in Presidential Elections
xclara,Bivariate Data Set with 3 Clusters
affairs,affairs
azcabgptca,azcabgptca
azdrg112,azdrg112
azpro,azpro
azprocedure,azprocedure
badhealth,badhealth
fasttrakg,fasttrakg
fishing,fishing
lbw,lbw
lbwgrp,lbwgrp
loomis,loomis
mdvis,mdvis
medpar,medpar
nuts,nuts
rwm,rwm
rwm1984,rwm1984
rwm5yr,rwm5yr
ships,ships
smoking,smoking
titanic,titanic
titanicgrp,titanicgrp
Accident,Ship Accidents
Airline,Cost for U.S. Airlines
Airq,Air Quality for Californian Metropolitan Areas
Benefits,Unemployement of Blue Collar Workers
Bids,Bids Received By U.S. Firms
BudgetFood,Budget Share of Food for Spanish Households
BudgetItaly,Budget Shares for Italian Households
BudgetUK,Budget Shares of British Households
Bwages,Wages in Belgium
CPSch3,Earnings from the Current Population Survey
CRANpackages,Growth of CRAN
Capm,Stock Market Data
Car,Stated Preferences for Car Choice
Caschool,The California Test Score Data Set
Catsup,Choice of Brand for Catsup
Cigar,Cigarette Consumption
Cigarette,The Cigarette Consumption Panel Data Set
Clothing,Sales Data of Men's Fashion Stores
Computers,Prices of Personal Computers
Cracker,Choice of Brand for Crakers
Crime,Crime in North Carolina
DM,DM Dollar Exchange Rate
Diamond,Pricing the C's of Diamond Stones
Doctor,Number of Doctor Visits
DoctorAUS,Doctor Visits in Australia
DoctorContacts,Contacts With Medical Doctor
Earnings,Earnings for Three Age Groups
Electricity,Cost Function for Electricity Producers
Fair,Extramarital Affairs Data
Fatality,Drunk Driving Laws and Traffic Deaths
Fishing,Choice of Fishing Mode
Forward,Exchange Rates of US Dollar Against Other Currencies
FriendFoe,Data from the Television Game Show Friend Or Foe ?
Garch,Daily Observations on Exchange Rates of the US Dollar Against Other Currencies
Gasoline,Gasoline Consumption
Griliches,Wage Datas
Grunfeld,Grunfeld Investment Data
HC,Heating and Cooling System Choice in Newly Built Houses in California
HI,Health Insurance and Hours Worked By Wives
Hdma,The Boston HDMA Data Set
Heating,Heating System Choice in California Houses
Hedonic,Hedonic Prices of Cencus Tracts in Boston
Housing,Sales Prices of Houses in the City of Windsor
Icecream,Ice Cream Consumption
Journals,Economic Journals Dat Set
Kakadu,Willingness to Pay for the Preservation of the Kakadu National Park
Ketchup,Choice of Brand for Ketchup
Klein,Klein's Model I
LaborSupply,Wages and Hours Worked
Labour,Belgian Firms
MCAS,The Massashusets Test Score Data Set
Males,Wages and Education of Young Males
Mathlevel,Level of Calculus Attained for Students Taking Advanced Micro-economics
MedExp,Structure of Demand for Medical Care
Metal,Production for SIC 33
Mode,Mode Choice
ModeChoice,Data to Study Travel Mode Choice
Mofa,"International Expansion of U.S. Mofa's (majority-owned Foreign Affiliates in Fire (finance, Insurance and Real Estate)"
Mroz,Labor Supply Data
MunExp,Municipal Expenditure Data
NaturalPark,Willingness to Pay for the Preservation of the Alentejo Natural Park
Nerlove,"Cost Function for Electricity Producers, 1955"
OFP,Visits to Physician Office
Oil,Oil Investment
PSID,Panel Survey of Income Dynamics
Participation,Labor Force Participation
PatentsHGH,Dynamic Relation Between Patents and R&D
PatentsRD,"Patents, R&D and Technological Spillovers for a Panel of Firms"
Pound,Pound-dollar Exchange Rate
Produc,Us States Production
RetSchool,Return to Schooling
SP500,Returns on Standard & Poor's 500 Index
Schooling,Wages and Schooling
Somerville,Visits to Lake Somerville
Star,Effects on Learning of Small Class Sizes
Strike,Strike Duration Data
StrikeDur,Strikes Duration
StrikeNb,Number of Strikes in Us Manufacturing
SumHes,The Penn Table
Tobacco,Households Tobacco Budget Share
Train,Stated Preferences for Train Traveling
TranspEq,Statewide Data on Transportation Equipment Manufacturing
Treatment,Evaluating Treatment Effect of Training on Earnings
Tuna,Choice of Brand for Tuna
USFinanceIndustry,US Finance Industry Profits
USclassifiedDocuments,Official Secrecy of the United States Government
USstateAbbreviations,Standard abbreviations for states of the United States
UStaxWords,Number of Words in US Tax Law
UnempDur,Unemployment Duration
Unemployment,Unemployment Duration
University,Provision of University Teaching and Research
VietNamH,Medical Expenses in Viet-nam (household Level)
VietNamI,Medical Expenses in Viet-nam (individual Level)
Wages,Panel Datas of Individual Wages
Wages1,"Wages, Experience and Schooling"
Workinghours,Wife Working Hours
Yen,Yen-dollar Exchange Rate
Yogurt,Choice of Brand for Yogurts
bankingCrises,Countries in Banking Crises
incomeInequality,Income Inequality in the US
nonEnglishNames,Names with Character Set Problems
politicalKnowledge,Political knowledge in the US and Europe
PD,"A study of Parkinson's disease and APOE, LRRK2, SNCA makers"
aldh2,ALDH2 markers and Alcoholism
apoeapoc,APOE/APOC1 markers and Alzheimer's
cf,Cystic fibrosis data
crohn,Crohn's disease data
fa,Friedreich Ataxia data
fsnps,A case-control data involving four SNPs with missing genotype
hla,The HLA data
hr1420,An example data for Manhattan plot with annotation
l51,An example pedigree data
lukas,An example pedigree
mao,A study of Parkinson's disease and MAO gene
mfblong,Example data for ACEnucfam
mhtdata,An example data for Manhattan plot
nep499,A study of Alzheimer's disease with eight SNPs and APOE
diamonds,"Prices of 50,000 round cut diamonds"
economics,US economic time series.
midwest,Midwest demographics.
movies,Movie information and user ratings from IMDB.com.
mpg,Fuel economy data from 1999 and 2008 for 38 popular models of car
msleep,An updated and expanded version of the mammals sleep dataset.
presidential,Terms of 10 presidents from Eisenhower to Bush W.
seals,Vector field of seal movements.
Arbuthnot,Arbuthnot's data on male and female birth ratios in London from 1629-1710.
Bowley,"Bowley's data on values of British and Irish trade, 1855-1899"
Cavendish,Cavendish's Determinations of the Density of the Earth
ChestSizes,Chest measurements of 5738 Scottish Militiamen
CushnyPeebles,Cushny-Peebles Data: Soporific Effects of Scopolamine Derivatives
CushnyPeeblesN,Cushny-Peebles Data: Soporific Effects of Scopolamine Derivatives
Dactyl,Edgeworth's counts of dactyls in Virgil's Aeneid
DrinksWages,Elderton and Pearson's (1910) data on drinking and wages
Fingerprints,Waite's data on Patterns in Fingerprints
Galton,Galton's data on the heights of parents and their children
GaltonFamilies,"Galton's data on the heights of parents and their children, by child"
Guerry,"Data from A.-M. Guerry, ""Essay on the Moral Statistics of France"""
Jevons,W. Stanley Jevons' data on numerical discrimination
Langren.all,van Langren's Data on Longitude Distance between Toledo and Rome
Langren1644,van Langren's Data on Longitude Distance between Toledo and Rome
Macdonell,"Macdonell's Data on Height and Finger Length of Criminals, used by Gosset (1908)"
MacdonellDF,"Macdonell's Data on Height and Finger Length of Criminals, used by Gosset (1908)"
Michelson,Michelson's Determinations of the Velocity of Light
MichelsonSets,Michelson's Determinations of the Velocity of Light
Minard.cities,Data from Minard's famous graphic map of Napoleon's march on Moscow
Minard.temp,Data from Minard's famous graphic map of Napoleon's march on Moscow
Minard.troops,Data from Minard's famous graphic map of Napoleon's march on Moscow
Nightingale,Florence Nightingale's data on deaths from various causes in the Crimean War
OldMaps,Latitudes and Longitudes of 39 Points in 11 Old Maps
PearsonLee,Pearson and Lee's data on the heights of parents and children classified by gender
PolioTrials,Polio Field Trials Data
Prostitutes,Parent-Duchatelet's time-series data on the number of prostitutes in Paris
Pyx,Trial of the Pyx
Quarrels,Statistics of Deadly Quarrels
Snow.deaths,John Snow's map and data on the 1854 London Cholera outbreak
Snow.polygons,John Snow's map and data on the 1854 London Cholera outbreak
Snow.pumps,John Snow's map and data on the 1854 London Cholera outbreak
Snow.streets,John Snow's map and data on the 1854 London Cholera outbreak
Wheat,Playfair's Data on Wages and the Price of Wheat
Wheat.monarchs,Playfair's Data on Wages and the Price of Wheat
Yeast,Student's (1906) Yeast Cell Counts
YeastD.mat,Student's (1906) Yeast Cell Counts
ZeaMays,Darwin's Heights of Cross- and Self-fertilized Zea May Pairs
barley,Yield data from a Minnesota barley trial
environmental,Atmospheric environmental conditions in New York City
ethanol,Engine exhaust fumes from burning ethanol
melanoma,Melanoma skin cancer incidence
singer,Heights of New York Choral Society singers
Aids2,Australian AIDS Survival Data
Animals,Brain and Body Weights for 28 Species
Boston,Housing Values in Suburbs of Boston
Cars93,Data from 93 Cars on Sale in the USA in 1993
Cushings,Diagnostic Tests on Patients with Cushing's Syndrome
DDT,DDT in Kale
GAGurine,Level of GAG in Urine of Children
Insurance,Numbers of Car Insurance claims
Melanoma,Survival from Malignant Melanoma
OME,Tests of Auditory Perception in Children with OME
Pima.te,Diabetes in Pima Indian Women
Pima.tr,Diabetes in Pima Indian Women
Pima.tr2,Diabetes in Pima Indian Women
Rabbit,Blood Pressure in Rabbits
Rubber,Accelerated Testing of Tyre Rubber
SP500,Returns of the Standard and Poors 500
Sitka,Growth Curves for Sitka Spruce Trees in 1988
Sitka89,Growth Curves for Sitka Spruce Trees in 1989
Skye,AFM Compositions of Aphyric Skye Lavas
Traffic,Effect of Swedish Speed Limits on Accidents
UScereal,Nutritional and Marketing Information on US Cereals
UScrime,The Effect of Punishment Regimes on Crime Rates
VA,Veteran's Administration Lung Cancer Trial
abbey,Determinations of Nickel Content
accdeaths,Accidental Deaths in the US 1973-1978
anorexia,Anorexia Data on Weight Change
bacteria,Presence of Bacteria after Drug Treatments
beav1,Body Temperature Series of Beaver 1
beav2,Body Temperature Series of Beaver 2
biopsy,Biopsy Data on Breast Cancer Patients
birthwt,Risk Factors Associated with Low Infant Birth Weight
cabbages,Data from a cabbage field trial
caith,Colours of Eyes and Hair of People in Caithness
cats,Anatomical Data from Domestic Cats
cement,Heat Evolved by Setting Cements
chem,Copper in Wholemeal Flour
coop,Co-operative Trial in Analytical Chemistry
cpus,Performance of Computer CPUs
crabs,Morphological Measurements on Leptograpsus Crabs
deaths,Monthly Deaths from Lung Diseases in the UK
drivers,Deaths of Car Drivers in Great Britain 1969-84
eagles,Foraging Ecology of Bald Eagles
epil,Seizure Counts for Epileptics
farms,Ecological Factors in Farm Management
fgl,Measurements of Forensic Glass Fragments
forbes,Forbes' Data on Boiling Points in the Alps
galaxies,Velocities for 82 Galaxies
gehan,Remission Times of Leukaemia Patients
genotype,Rat Genotype Data
geyser,Old Faithful Geyser Data
gilgais,Line Transect of Soil in Gilgai Territory
hills,Record Times in Scottish Hill Races
housing,Frequency Table from a Copenhagen Housing Conditions Survey
immer,Yields from a Barley Field Trial
leuk,Survival Times and White Blood Counts for Leukaemia Patients
mammals,Brain and Body Weights for 62 Species of Land Mammals
mcycle,Data from a Simulated Motorcycle Accident
menarche,Age of Menarche in Warsaw
michelson,Michelson's Speed of Light Data
minn38,Minnesota High School Graduates of 1938
motors,Accelerated Life Testing of Motorettes
muscle,Effect of Calcium Chloride on Muscle Contraction in Rat Hearts
newcomb,Newcomb's Measurements of the Passage Time of Light
nlschools,Eighth-Grade Pupils in the Netherlands
npk,"Classical N, P, K Factorial Experiment"
npr1,US Naval Petroleum Reserve No. 1 data
oats,Data from an Oats Field Trial
painters,The Painter's Data of de Piles
petrol,N. L. Prater's Petrol Refinery Data
quine,Absenteeism from School in Rural New South Wales
road,Road Accident Deaths in US States
rotifer,Numbers of Rotifers by Fluid Density
ships,Ships Damage Data
shrimp,Percentage of Shrimp in Shrimp Cocktail
shuttle,Space Shuttle Autolander Problem
snails,Snail Mortality Data
steam,The Saturated Steam Pressure Data
stormer,The Stormer Viscometer Data
survey,Student Survey Data
synth.te,Synthetic Classification Problem
synth.tr,Synthetic Classification Problem
topo,Spatial Topographic Data
waders,Counts of Waders at 15 Sites in South Africa
whiteside,House Insulation: Whiteside's Data
wtloss,Weight Loss Data from an Obese Patient
Cigar,Cigarette Consumption
Crime,Crime in North Carolina
EmplUK,Employment and Wages in the United Kingdom
Gasoline,Gasoline Consumption
Grunfeld,Grunfeld's Investment Data
Hedonic,Hedonic Prices of Census Tracts in the Boston Area
LaborSupply,Wages and Hours Worked
Males,Wages and Education of Young Males
Produc,US States Production
Snmesp,Employment and Wages in Spain
SumHes,"The Penn World Table, v. 5"
Wages,Panel Data of Individual Wages
baseball,Yearly batting records for all major league baseball players
AustralianElectionPolling,"Political opinion polls in Australia, 2004-07"
AustralianElections,"elections to Australian House of Representatives, 1949-2007"
EfronMorris,"Batting Averages for 18 major league baseball players, 1970"
RockTheVote,"Voter turnout experiment, using Rock The Vote ads"
UKHouseOfCommons,1992 United Kingdom electoral returns
absentee,Absentee and Machine Ballots in Pennsylvania State Senate Races
admit,Applications to a Political Science PhD Program
bioChemists,article production by graduate students in biochemistry Ph.D. programs
ca2006,California Congressional Districts in 2006
iraqVote,"U.S. Senate vote on the use of force against Iraq, 2002."
politicalInformation,Interviewer ratings of respondent levels of political information
presidentialElections,"elections for U.S. President, 1932-2012, by state"
prussian,Prussian army horse kick data
unionDensity,cross national rates of trade union density
vote92,Reports of voting in the 1992 U.S. Presidential election.
french_fries,Sensory data from a french fries experiment.
smiths,Demo data describing the Smiths.
tips,Tipping data
car.test.frame,Automobile Data from 'Consumer Reports' 1990
car90,Automobile Data from 'Consumer Reports' 1990
cu.summary,Automobile Data from 'Consumer Reports' 1990
kyphosis,Data on Children who have had Corrective Spinal Surgery
solder,Soldering of Components on Printed-Circuit Boards
stagec,Stage C Prostate Cancer
PublicSchools,US Expenditures for Public Schools
Bollen,Bollen's Data on Industrialization and Political Democracy
CNES,Variables from the 1997 Canadian National Election Study
Klein,Klein's Data on the U. S. Economy
Kmenta,Partly Artificial Data on the U. S. Economy
Tests,Six Mental Tests
bladder,Bladder Cancer Recurrences
cancer,NCCTG Lung Cancer Data
cgd,Chronic Granulotomous Disease data
colon,Chemotherapy for Stage B/C colon cancer
flchain,Assay of serum free light chain for 7874 subjects.
heart,Stanford Heart Transplant data
kidney,Kidney catheter data
leukemia,Acute Myelogenous Leukemia survival data
logan,Data from the 1972-78 GSS data used by Logan
lung,NCCTG Lung Cancer Data
mgus,Monoclonal gammapothy data
nwtco,Data from the National Wilm's Tumor Study
ovarian,Ovarian Cancer Survival Data
pbc,Mayo Clinic Primary Biliary Cirrhosis Data
rats,Rat treatment data from Mantel et al
stanford2,More Stanford Heart Transplant data
tobin,Tobin's Tobit data
veteran,Veterans' Administration Lung Cancer study
Arthritis,Arthritis Treatment Data
Baseball,Baseball Data
BrokenMarriage,Broken Marriage Data
Bundesliga,Ergebnisse der Fussball-Bundesliga
Bundestag2005,Votes in German Bundestag Election 2005
Butterfly,Butterfly Species in Malaya
CoalMiners,Breathlessness and Wheeze in Coal Miners
DanishWelfare,Danish Welfare Study Data
Employment,Employment Status
Federalist,'May' in Federalist Papers
Hitters,Hitters Data
HorseKicks,Death by Horse Kicks
Hospital,Hospital data
JobSatisfaction,Job Satisfaction Data
JointSports,Opinions About Joint Sports
Lifeboats,Lifeboats on the Titanic
NonResponse,Non-Response Survey Data
OvaryCancer,Ovary Cancer Data
PreSex,Pre-marital Sex and Divorce
Punishment,Corporal Punishment Data
RepVict,Repeat Victimization Data
Saxony,Families in Saxony
SexualFun,Sex is Fun
SpaceShuttle,Space Shuttle O-ring Failures
Suicide,Suicide Rates in Germany
Trucks,Truck Accidents Data
UKSoccer,UK Soccer Scores
VisualAcuity,Visual Acuity in Left and Right Eyes
VonBort,Von Bortkiewicz Horse Kicks Data
WeldonDice,Weldon's Dice Data
WomenQueue,Women in Queues
MatchIt.url,Table of links for Zelig
PErisk,Political Economic Risk Data from 62 Countries in 1987
SupremeCourt,U.S. Supreme Court Vote Matrix
Weimar,1932 Weimar election data
Zelig.url,Table of links for Zelig
approval,U.S. Presidential Approval Data
bivariate,Sample data for bivariate probit regression
coalition,Coalition Dissolution in Parliamentary Democracies
coalition2,"Coalition Dissolution in Parliamentary Democracies, Modified Version"
eidat,Simulation Data for Ecological Inference
free1,Freedom of Speech Data
free2,Freedom of Speech Data
friendship,Simulated Example of Schoolchildren Friendship Network
grunfeld,Simulation Data for model Seemingly Unrelated Regression (sur) that corresponds to method SUR of systemfit
hoff,Social Security Expenditure Data
homerun,Sample Data on Home Runs Hit By Mark McGwire and Sammy Sosa in 1998.
immi1,Individual Preferences Over Immigration Policy
immi2,Individual Preferences Over Immigration Policy
immi3,Individual Preferences Over Immigration Policy
immi4,Individual Preferences Over Immigration Policy
immi5,Individual Preferences Over Immigration Policy
immigration,Individual Preferences Over Immigration Policy
klein,Simulation Data for model Two-Stage Least Square (twosls) that corresponds to method 2SLS of systemfit
kmenta,Simulation Data for model Three-Stage Least Square (threesls) that corresponds to method 3SLS of systemfit
macro,Macroeconomic Data
mexico,Voting Data from the 1988 Mexican Presidental Election
mid,Militarized Interstate Disputes
newpainters,The Discretized Painter's Data of de Piles
sanction,Multilateral Economic Sanctions
sna.ex,Simulated Example of Social Network Data
swiss,Swiss Fertility and Socioeconomic Indicators (1888) Data
tobin,Tobin's Tobit Data
turnout,Turnout Data Set from the National Election Survey
voteincome,Sample Turnout and Demographic Data from the 2000 Current Population Survey
BCG,BCG Vaccine Data
BtheB,Beat the Blues Data
CYGOB1,CYG OB1 Star Cluster Data
Forbes2000,The Forbes 2000 Ranking of the World's Biggest Companies (Year 2004)
GHQ,General Health Questionnaire
Lanza,Prevention of Gastointestinal Damages
agefat,Total Body Composision Data
aspirin,Aspirin Data
birthdeathrates,Birth and Death Rates Data
bladdercancer,Bladder Cancer Data
clouds,Cloud Seeding Data
epilepsy,Epilepsy Data
foster,Foster Feeding Experiment
heptathlon,Olympic Heptathlon Seoul 1988
mastectomy,Survival Times after Mastectomy of Breast Cancer Patients
meteo,Meteorological Measurements for 11 Years
orallesions,Oral Lesions in Rural India
phosphate,Phosphate Level Data
pistonrings,Piston Rings Failures
planets,Exoplanets Data
plasma,Blood Screening Data
polyps,Familial Andenomatous Polyposis
polyps3,Familial Andenomatous Polyposis
pottery,Romano-British Pottery Data
rearrests,Rearrests of Juvenile Felons
respiratory,Respiratory Illness Data
roomwidth,Students Estimates of Lecture Room Width
schizophrenia,Age of Onset of Schizophrenia Data
schizophrenia2,Schizophrenia Data
schooldays,Days not Spent at School
skulls,Egyptian Skulls
smoking,Nicotine Gum and Smoking Cessation
students,Student Risk Taking
suicides,Crowd Baiting Behaviour and Suicides
toothpaste,Toothpaste Data
voting,House of Representatives Voting Data
water,Mortality and Water Hardness
watervoles,Water Voles Data
waves,Electricity from Wave Power at Sea
weightgain,Gain in Weight of Rats
womensrole,Womens Role in Society
Bechtoldt,Seven data sets showing a bifactor solution.
Bechtoldt.1,Seven data sets showing a bifactor solution.
Bechtoldt.2,Seven data sets showing a bifactor solution.
Dwyer,8 cognitive variables used by Dwyer for an example.
Gleser,"Example data from Gleser, Cronbach and Rajaratnam (1965) to show basic principles of generalizability theory."
Gorsuch,Example data set from Gorsuch (1997) for an example factor extension.
Harman.5,5 socio-economic variables from Harman (1967)
Harman.8,"Correlations of eight physical variables (from Harman, 1966)"
Harman.political,Eight political variables used by Harman (1967) as example 8.17
Holzinger,Seven data sets showing a bifactor solution.
Holzinger.9,Seven data sets showing a bifactor solution.
Reise,Seven data sets showing a bifactor solution.
Schmid,12 variables created by Schmid and Leiman to show the Schmid-Leiman Transformation
Thurstone,Seven data sets showing a bifactor solution.
Thurstone.33,Seven data sets showing a bifactor solution.
Tucker,9 Cognitive variables discussed by Tucker and Lewis (1973)
ability,16 ability items scored as correct or incorrect.
affect,Two data sets of affect and arousal scores as a function of personality and movie conditions
bfi,25 Personality items representing 5 factors
bfi.dictionary,25 Personality items representing 5 factors
blot,Bond's Logical Operations Test - BLOT
burt,11 emotional variables from Burt (1915)
cities,Distances between 11 US cities
cubits,Galton's example of the relationship between height and 'cubit' or forearm length
cushny,"A data set from Cushny and Peebles (1905) on the effect of three drugs on hours of sleep, used by Student (1908)"
epi,Eysenck Personality Inventory (EPI) data for 3570 participants
epi.bfi,13 personality scales from the Eysenck Personality Inventory and Big 5 inventory
epi.dictionary,Eysenck Personality Inventory (EPI) data for 3570 participants
galton,Galton's Mid parent child height data
heights,A data.frame of the Galton (1888) height and cubit data set.
income,US family income from US census 2008
iqitems,16 multiple choice IQ items
msq,75 mood items from the Motivational State Questionnaire for 3896 participants
neo,NEO correlation matrix from the NEO_PI_R manual
peas,Galton's Peas
sat.act,"3 Measures of ability: SATV, SATQ, ACT"
withinBetween,An example of the distinction between within group and between group correlations
Bosco,Boscovich Data
CobarOre,Cobar Ore data
Mammals,Garland(1983) Data on Running Speed of Mammals
barro,Barro Data
engel,Engel Data
uis,UIS Drug Treatment study data
dietox,Growth curves of pigs in a 3x3 factorial experiment
koch,Ordinal Data from Koch
ohio,Ohio Children Wheeze Status
respdis,Clustered Ordinal Respiratory Disorder
respiratory,Data from a clinical trial comparing two treatments for a respiratory illness
seizure,Epiliptic Seizures
sitka89,Growth of Sitka Spruce Trees
spruce,Log-size of 79 Sitka spruce trees
liver,Liver related laboratory data
portpirie,"Rain, wavesurge and portpirie datasets."
rain,"Rain, wavesurge and portpirie datasets."
summer,"Air pollution data, separately for summer and winter months"
wavesurge,"Rain, wavesurge and portpirie datasets."
winter,"Air pollution data, separately for summer and winter months"
arthritis,Rheumatoid Arthritis Clinical Trial
housing,Homeless Data
bmw,Daily Log Returns on BMW Share Price
danish,Danish Fire Insurance Claims
nidd.annual,The River Nidd Data
nidd.thresh,The River Nidd Data
siemens,Daily Log Returns on Siemens Share Price
sp.raw,SP Data to June 1993
spto87,SP Return Data to October 1987
Dyestuff,Yield of dyestuff by batch
Dyestuff2,Yield of dyestuff by batch
InstEval,University Lecture/Instructor Evaluations by Students at ETH
Pastes,Paste strength by batch and cask
Penicillin,Variation in penicillin testing
VerbAgg,Verbal Aggression item responses
cake,Breakage Angle of Chocolate Cakes
cbpp,Contagious bovine pleuropneumonia
grouseticks,Data on red grouse ticks from Elston et al. 2001
sleepstudy,Reaction times in a sleep deprivation study
